facility_id,facility_name,county,month,anc1_visits,anc4_plus_visits,facility_deliveries,c_sections,live_births,stillbirths,early_neonatal_deaths,maternal_deaths,pph_cases,eclampsia_cases,pnc_mother_48h,pnc_baby_48h,fully_immunized_children_1yr,fp_clients_modern_methods
F001,F001 County Referral Hospital,Kiambu,2024-01-01,363,196,215,6,213,1,1,2,21,3,183,154,114,125
F001,F001 County Referral Hospital,Kiambu,2024-02-01,565,261,254,57,250,8,0,0,6,12,190,214,117,432
F001,F001 County Referral Hospital,Kiambu,2024-03-01,321,216,207,31,206,8,3,1,15,5,132,203,260,241
F001,F001 County Referral Hospital,Kiambu,2024-04-01,407,239,221,58,221,3,4,2,29,2,193,170,83,202
F001,F001 County Referral Hospital,Kiambu,2024-05-01,418,308,264,30,260,7,2,0,10,3,159,228,138,158
F001,F001 County Referral Hospital,Kiambu,2024-06-01,492,230,378,13,376,6,3,0,11,1,247,364,134,299
F001,F001 County Referral Hospital,Kiambu,2024-07-01,326,176,137,10,135,8,4,0,7,6,84,101,139,279
F001,F001 County Referral Hospital,Kiambu,2024-08-01,437,284,225,57,220,6,3,2,7,9,173,137,83,342
F001,F001 County Referral Hospital,Kiambu,2024-09-01,366,227,193,32,191,8,1,1,14,5,190,153,271,359
F001,F001 County Referral Hospital,Kiambu,2024-10-01,395,285,161,29,156,0,0,2,4,4,144,155,221,363
F001,F001 County Referral Hospital,Kiambu,2024-11-01,461,330,351,78,346,6,1,0,15,1,228,261,203,110
F001,F001 County Referral Hospital,Kiambu,2024-12-01,537,248,394,116,394,6,2,0,16,12,264,355,65,154
F001,F001 County Referral Hospital,Kiambu,2025-01-01,648,403,396,8,395,5,1,1,4,8,263,346,180,218
F001,F001 County Referral Hospital,Kiambu,2025-02-01,423,256,206,21,204,2,3,0,8,4,204,179,217,438
F001,F001 County Referral Hospital,Kiambu,2025-03-01,403,282,278,80,274,7,4,2,23,2,250,170,85,194
F001,F001 County Referral Hospital,Kiambu,2025-04-01,565,291,254,25,251,2,2,2,18,11,238,228,235,323
F001,F001 County Referral Hospital,Kiambu,2025-05-01,510,311,157,24,154,0,0,0,12,5,137,145,221,98
F001,F001 County Referral Hospital,Kiambu,2025-06-01,341,197,109,15,107,5,2,2,3,12,99,108,68,394
F001,F001 County Referral Hospital,Kiambu,2025-07-01,650,464,221,53,218,0,2,1,27,10,193,193,135,377
F001,F001 County Referral Hospital,Kiambu,2025-08-01,353,182,216,2,216,8,2,2,23,3,198,133,52,425
F001,F001 County Referral Hospital,Kiambu,2025-09-01,517,294,274,63,270,2,1,1,18,11,178,165,295,389
F001,F001 County Referral Hospital,Kiambu,2025-10-01,569,371,256,8,252,1,3,0,21,0,241,237,96,271
F001,F001 County Referral Hospital,Kiambu,2025-11-01,469,234,247,69,247,0,2,1,5,1,189,173,209,291
F001,F001 County Referral Hospital,Kiambu,2025-12-01,640,296,202,39,201,5,4,1,28,1,183,128,135,55
F002,F002 County Referral Hospital,Nairobi,2024-01-01,672,391,368,84,366,0,0,2,17,7,355,368,46,79
F002,F002 County Referral Hospital,Nairobi,2024-02-01,634,368,285,75,281,4,1,0,4,5,215,255,175,153
F002,F002 County Referral Hospital,Nairobi,2024-03-01,630,333,320,77,319,3,1,2,25,1,236,269,141,53
F002,F002 County Referral Hospital,Nairobi,2024-04-01,372,209,242,25,241,0,1,1,20,1,175,162,111,301
F002,F002 County Referral Hospital,Nairobi,2024-05-01,516,380,161,16,156,7,2,1,15,10,125,97,92,111
F002,F002 County Referral Hospital,Nairobi,2024-06-01,315,235,207,58,202,8,0,2,26,8,186,177,234,296
F002,F002 County Referral Hospital,Nairobi,2024-07-01,570,334,344,26,343,4,1,2,7,5,323,337,192,162
F002,F002 County Referral Hospital,Nairobi,2024-08-01,533,249,194,43,194,8,0,0,6,11,167,126,144,250
F002,F002 County Referral Hospital,Nairobi,2024-09-01,408,244,302,41,302,6,0,1,1,3,212,273,231,99
F002,F002 County Referral Hospital,Nairobi,2024-10-01,357,210,167,46,162,7,4,1,27,5,157,130,251,136
F002,F002 County Referral Hospital,Nairobi,2024-11-01,479,276,146,15,144,2,3,0,5,7,140,102,135,115
F002,F002 County Referral Hospital,Nairobi,2024-12-01,505,260,392,112,389,2,4,1,0,2,282,389,194,431
F002,F002 County Referral Hospital,Nairobi,2025-01-01,307,140,242,62,240,1,0,0,24,2,217,175,175,55
F002,F002 County Referral Hospital,Nairobi,2025-02-01,594,414,389,45,386,7,4,2,29,5,330,303,221,360
F002,F002 County Referral Hospital,Nairobi,2025-03-01,645,424,239,56,239,3,0,0,5,9,161,214,189,202
F002,F002 County Referral Hospital,Nairobi,2025-04-01,388,266,158,6,157,8,2,2,6,3,110,105,164,167
F002,F002 County Referral Hospital,Nairobi,2025-05-01,691,319,238,6,236,2,4,1,12,0,166,145,106,355
F002,F002 County Referral Hospital,Nairobi,2025-06-01,401,267,120,21,116,7,1,0,5,0,100,94,118,75
F002,F002 County Referral Hospital,Nairobi,2025-07-01,310,227,137,20,135,6,4,0,2,8,109,82,262,411
F002,F002 County Referral Hospital,Nairobi,2025-08-01,382,199,277,14,275,3,4,1,9,4,195,229,165,53
F002,F002 County Referral Hospital,Nairobi,2025-09-01,479,273,233,53,232,7,3,0,0,0,233,214,290,245
F002,F002 County Referral Hospital,Nairobi,2025-10-01,691,368,531,47,529,2,3,2,7,9,430,416,288,444
F002,F002 County Referral Hospital,Nairobi,2025-11-01,432,216,188,37,188,4,1,0,7,7,158,162,198,82
F002,F002 County Referral Hospital,Nairobi,2025-12-01,458,269,154,19,154,1,1,2,16,8,122,136,198,132
F003,F003 Health Centre,Kisumu,2024-01-01,101,68,59,3,55,4,1,2,28,4,35,52,299,237
F003,F003 Health Centre,Kisumu,2024-02-01,155,112,74,16,74,2,4,1,4,1,48,68,66,75
F003,F003 Health Centre,Kisumu,2024-03-01,123,60,61,8,57,5,0,1,11,9,48,44,284,66
F003,F003 Health Centre,Kisumu,2024-04-01,98,71,37,1,33,7,0,0,19,5,23,30,124,168
F003,F003 Health Centre,Kisumu,2024-05-01,142,102,75,0,74,1,3,2,17,11,46,73,257,332
F003,F003 Health Centre,Kisumu,2024-06-01,67,37,41,10,38,3,3,0,4,4,33,37,134,269
F003,F003 Health Centre,Kisumu,2024-07-01,135,83,92,3,90,7,3,0,26,12,69,76,216,93
F003,F003 Health Centre,Kisumu,2024-08-01,172,85,110,17,105,8,2,1,29,9,109,77,279,71
F003,F003 Health Centre,Kisumu,2024-09-01,140,100,75,8,72,1,3,0,10,3,57,46,254,411
F003,F003 Health Centre,Kisumu,2024-10-01,178,98,90,15,85,0,3,2,22,7,73,54,72,400
F003,F003 Health Centre,Kisumu,2024-11-01,90,52,28,2,23,8,3,2,1,0,27,23,73,105
F003,F003 Health Centre,Kisumu,2024-12-01,56,38,25,0,24,3,1,1,21,12,23,21,48,81
F003,F003 Health Centre,Kisumu,2025-01-01,188,118,68,9,64,4,4,2,19,4,52,61,208,184
F003,F003 Health Centre,Kisumu,2025-02-01,68,32,31,4,26,2,1,2,13,0,24,30,82,177
F003,F003 Health Centre,Kisumu,2025-03-01,192,97,150,7,147,2,4,1,26,2,134,94,250,270
F003,F003 Health Centre,Kisumu,2025-04-01,163,106,66,6,61,6,3,1,13,11,53,52,229,349
F003,F003 Health Centre,Kisumu,2025-05-01,124,90,62,7,59,8,3,2,21,8,48,47,267,106
F003,F003 Health Centre,Kisumu,2025-06-01,70,47,51,4,49,8,0,2,23,7,30,43,141,161
F003,F003 Health Centre,Kisumu,2025-07-01,172,117,119,29,117,7,1,2,13,12,99,117,148,134
F003,F003 Health Centre,Kisumu,2025-08-01,148,99,58,7,55,1,2,2,23,9,41,46,197,74
F003,F003 Health Centre,Kisumu,2025-09-01,173,121,101,4,101,2,4,0,30,11,61,90,197,372
F003,F003 Health Centre,Kisumu,2025-10-01,200,146,101,22,97,6,1,2,27,4,65,101,165,449
F003,F003 Health Centre,Kisumu,2025-11-01,86,46,46,9,41,1,1,0,21,1,36,29,178,136
F003,F003 Health Centre,Kisumu,2025-12-01,70,42,54,4,52,4,2,2,24,10,35,40,152,206
F004,F004 County Referral Hospital,Murang'a,2024-01-01,375,212,127,3,123,6,4,2,4,0,98,80,70,148
F004,F004 County Referral Hospital,Murang'a,2024-02-01,428,211,220,38,216,2,4,0,9,9,168,151,166,230
F004,F004 County Referral Hospital,Murang'a,2024-03-01,369,222,125,26,125,7,3,2,23,10,79,92,285,252
F004,F004 County Referral Hospital,Murang'a,2024-04-01,449,238,193,25,189,1,3,2,1,3,131,154,128,143
F004,F004 County Referral Hospital,Murang'a,2024-05-01,416,223,141,29,136,7,4,2,24,2,132,128,80,395
F004,F004 County Referral Hospital,Murang'a,2024-06-01,353,216,120,2,118,2,2,1,27,9,97,72,52,98
F004,F004 County Referral Hospital,Murang'a,2024-07-01,381,267,234,15,231,2,0,2,21,8,176,142,120,277
F004,F004 County Referral Hospital,Murang'a,2024-08-01,696,321,537,147,535,3,0,1,5,1,345,515,290,112
F004,F004 County Referral Hospital,Murang'a,2024-09-01,541,376,375,92,374,5,3,2,27,1,319,329,163,266
F004,F004 County Referral Hospital,Murang'a,2024-10-01,584,400,379,34,374,6,2,2,0,4,309,323,238,52
F004,F004 County Referral Hospital,Murang'a,2024-11-01,692,502,419,119,418,8,2,0,12,12,412,419,289,208
F004,F004 County Referral Hospital,Murang'a,2024-12-01,609,317,468,17,464,7,0,0,26,11,331,461,250,169
F004,F004 County Referral Hospital,Murang'a,2025-01-01,479,288,191,7,190,3,0,0,22,2,176,120,263,419
F004,F004 County Referral Hospital,Murang'a,2025-02-01,446,281,212,61,208,3,4,2,20,9,129,162,282,360
F004,F004 County Referral Hospital,Murang'a,2025-03-01,665,321,208,15,208,3,1,1,18,9,138,175,76,312
F004,F004 County Referral Hospital,Murang'a,2025-04-01,471,211,182,39,179,6,3,0,24,6,141,145,43,355
F004,F004 County Referral Hospital,Murang'a,2025-05-01,407,280,129,20,126,7,3,2,20,1,95,77,236,349
F004,F004 County Referral Hospital,Murang'a,2025-06-01,679,344,403,2,403,5,2,0,17,6,296,329,290,193
F004,F004 County Referral Hospital,Murang'a,2025-07-01,319,214,223,43,223,7,2,1,9,4,142,164,106,211
F004,F004 County Referral Hospital,Murang'a,2025-08-01,576,425,264,31,259,5,2,0,12,3,216,184,165,324
F004,F004 County Referral Hospital,Murang'a,2025-09-01,692,326,403,97,403,7,3,2,19,8,385,252,184,439
F004,F004 County Referral Hospital,Murang'a,2025-10-01,406,250,298,11,298,0,3,0,3,0,218,298,220,64
F004,F004 County Referral Hospital,Murang'a,2025-11-01,536,344,223,32,223,4,4,1,16,7,147,217,262,355
F004,F004 County Referral Hospital,Murang'a,2025-12-01,330,209,160,14,156,2,0,0,19,2,102,101,95,109
F005,F005 County Referral Hospital,Kakamega,2024-01-01,669,435,508,35,508,6,4,1,28,0,450,434,183,286
F005,F005 County Referral Hospital,Kakamega,2024-02-01,618,327,451,56,446,6,2,1,19,0,430,377,97,57
F005,F005 County Referral Hospital,Kakamega,2024-03-01,613,384,201,14,200,8,1,0,21,3,190,200,124,143
F005,F005 County Referral Hospital,Kakamega,2024-04-01,422,284,180,29,178,5,3,0,14,11,112,150,107,436
F005,F005 County Referral Hospital,Kakamega,2024-05-01,626,362,201,41,201,8,4,1,4,0,172,198,245,234
F005,F005 County Referral Hospital,Kakamega,2024-06-01,694,514,433,127,430,7,3,2,29,12,388,379,102,147
F005,F005 County Referral Hospital,Kakamega,2024-07-01,305,202,156,32,155,7,1,0,29,0,143,147,148,116
F005,F005 County Referral Hospital,Kakamega,2024-08-01,616,362,402,65,398,8,3,1,14,4,369,391,164,255
F005,F005 County Referral Hospital,Kakamega,2024-09-01,538,246,381,95,381,7,2,0,0,3,362,247,192,381
F005,F005 County Referral Hospital,Kakamega,2024-10-01,328,179,150,35,146,0,0,1,27,3,94,112,43,55
F005,F005 County Referral Hospital,Kakamega,2024-11-01,685,400,477,53,475,3,2,2,17,5,453,428,190,144
F005,F005 County Referral Hospital,Kakamega,2024-12-01,469,295,241,8,239,1,3,2,9,3,201,193,54,100
F005,F005 County Referral Hospital,Kakamega,2025-01-01,696,446,309,23,307,7,4,2,3,11,234,261,221,406
F005,F005 County Referral Hospital,Kakamega,2025-02-01,641,347,379,19,377,6,4,0,24,10,336,240,173,439
F005,F005 County Referral Hospital,Kakamega,2025-03-01,666,346,366,73,362,0,2,2,25,10,220,236,163,343
F005,F005 County Referral Hospital,Kakamega,2025-04-01,460,337,158,45,153,8,2,0,22,2,129,133,225,304
F005,F005 County Referral Hospital,Kakamega,2025-05-01,664,377,318,39,313,2,2,2,11,10,209,230,119,335
F005,F005 County Referral Hospital,Kakamega,2025-06-01,506,376,236,18,232,3,4,0,3,0,196,160,235,332
F005,F005 County Referral Hospital,Kakamega,2025-07-01,477,248,168,43,168,0,3,0,10,9,104,109,143,143
F005,F005 County Referral Hospital,Kakamega,2025-08-01,675,466,382,108,379,0,2,1,25,1,295,359,113,126
F005,F005 County Referral Hospital,Kakamega,2025-09-01,442,251,335,2,334,5,4,1,16,8,294,284,267,156
F005,F005 County Referral Hospital,Kakamega,2025-10-01,604,327,431,68,430,6,0,2,11,5,269,292,241,130
F005,F005 County Referral Hospital,Kakamega,2025-11-01,689,405,506,28,504,3,2,0,25,9,395,455,203,258
F005,F005 County Referral Hospital,Kakamega,2025-12-01,608,304,420,125,419,0,3,0,7,6,376,410,297,357
F006,F006 Sub-County Hospital,Murang'a,2024-01-01,199,113,87,26,87,1,2,2,5,7,82,64,279,194
F006,F006 Sub-County Hospital,Murang'a,2024-02-01,333,218,122,7,118,4,2,2,15,8,110,74,222,126
F006,F006 Sub-County Hospital,Murang'a,2024-03-01,297,145,227,36,225,0,4,0,1,2,179,177,273,311
F006,F006 Sub-County Hospital,Murang'a,2024-04-01,189,105,115,12,115,3,0,0,5,12,70,83,271,438
F006,F006 Sub-County Hospital,Murang'a,2024-05-01,362,193,269,44,267,0,2,2,7,3,248,248,169,448
F006,F006 Sub-County Hospital,Murang'a,2024-06-01,353,158,129,26,127,7,4,2,11,10,80,129,253,66
F006,F006 Sub-County Hospital,Murang'a,2024-07-01,309,231,150,12,147,1,4,2,12,5,122,148,203,86
F006,F006 Sub-County Hospital,Murang'a,2024-08-01,155,77,54,9,51,5,2,2,28,1,50,53,145,138
F006,F006 Sub-County Hospital,Murang'a,2024-09-01,397,281,161,1,158,1,2,0,21,5,99,106,80,274
F006,F006 Sub-County Hospital,Murang'a,2024-10-01,273,199,211,56,207,5,0,1,14,10,130,127,244,143
F006,F006 Sub-County Hospital,Murang'a,2024-11-01,185,103,60,2,57,7,2,2,2,7,57,45,59,357
F006,F006 Sub-County Hospital,Murang'a,2024-12-01,387,196,166,36,165,6,0,2,9,10,134,161,49,287
F006,F006 Sub-County Hospital,Murang'a,2025-01-01,398,271,311,80,311,6,3,0,23,5,249,264,234,214
F006,F006 Sub-County Hospital,Murang'a,2025-02-01,182,111,80,18,76,3,0,2,3,2,68,80,121,121
F006,F006 Sub-County Hospital,Murang'a,2025-03-01,384,276,136,32,131,8,3,0,3,6,90,124,189,400
F006,F006 Sub-County Hospital,Murang'a,2025-04-01,215,130,108,4,105,6,0,0,15,0,79,80,55,327
F006,F006 Sub-County Hospital,Murang'a,2025-05-01,321,180,251,60,247,5,1,0,10,11,155,167,273,375
F006,F006 Sub-County Hospital,Murang'a,2025-06-01,224,130,139,15,135,1,4,0,21,11,107,105,182,211
F006,F006 Sub-County Hospital,Murang'a,2025-07-01,301,170,228,3,225,2,0,2,21,5,152,199,211,306
F006,F006 Sub-County Hospital,Murang'a,2025-08-01,390,256,218,7,215,2,2,0,26,9,154,154,152,61
F006,F006 Sub-County Hospital,Murang'a,2025-09-01,187,87,109,11,108,0,2,0,25,12,97,83,212,132
F006,F006 Sub-County Hospital,Murang'a,2025-10-01,292,145,139,16,135,7,4,1,26,7,103,138,116,164
F006,F006 Sub-County Hospital,Murang'a,2025-11-01,187,108,104,5,104,3,4,0,3,1,95,88,128,53
F006,F006 Sub-County Hospital,Murang'a,2025-12-01,345,195,114,8,112,5,0,0,1,9,108,105,240,138
F007,F007 Health Centre,Kakamega,2024-01-01,154,87,109,31,109,7,0,0,9,5,89,76,76,232
F007,F007 Health Centre,Kakamega,2024-02-01,141,84,59,15,57,2,0,1,18,1,53,46,288,231
F007,F007 Health Centre,Kakamega,2024-03-01,195,137,96,3,91,0,2,1,8,9,60,84,204,204
F007,F007 Health Centre,Kakamega,2024-04-01,177,112,71,19,70,4,0,2,19,8,58,54,258,256
F007,F007 Health Centre,Kakamega,2024-05-01,68,51,26,7,26,0,3,1,19,12,23,24,46,56
F007,F007 Health Centre,Kakamega,2024-06-01,156,75,116,2,115,0,1,0,11,5,96,98,276,212
F007,F007 Health Centre,Kakamega,2024-07-01,97,46,55,6,53,2,2,2,8,4,44,33,270,272
F007,F007 Health Centre,Kakamega,2024-08-01,132,78,97,16,93,1,2,1,19,3,97,92,278,301
F007,F007 Health Centre,Kakamega,2024-09-01,142,106,57,9,56,5,4,0,15,11,43,38,121,108
F007,F007 Health Centre,Kakamega,2024-10-01,91,40,39,7,34,3,3,0,0,1,32,33,135,173
F007,F007 Health Centre,Kakamega,2024-11-01,95,49,36,9,36,4,1,2,28,0,29,24,289,351
F007,F007 Health Centre,Kakamega,2024-12-01,104,66,45,8,43,3,0,1,2,11,43,36,250,270
F007,F007 Health Centre,Kakamega,2025-01-01,52,23,22,5,20,1,2,2,1,10,16,16,159,99
F007,F007 Health Centre,Kakamega,2025-02-01,113,62,89,12,84,0,2,2,15,2,56,81,143,95
F007,F007 Health Centre,Kakamega,2025-03-01,68,41,46,7,43,2,1,2,27,6,38,44,107,257
F007,F007 Health Centre,Kakamega,2025-04-01,109,50,82,3,77,6,0,2,1,3,51,62,264,347
F007,F007 Health Centre,Kakamega,2025-05-01,120,64,61,6,56,4,0,2,11,4,60,51,223,240
F007,F007 Health Centre,Kakamega,2025-06-01,68,40,45,9,41,3,1,0,19,9,29,44,74,133
F007,F007 Health Centre,Kakamega,2025-07-01,179,120,53,2,49,1,3,1,22,0,33,49,135,299
F007,F007 Health Centre,Kakamega,2025-08-01,168,116,64,14,60,5,3,1,16,5,58,55,264,253
F007,F007 Health Centre,Kakamega,2025-09-01,161,79,67,2,62,7,3,2,23,11,49,63,172,209
F007,F007 Health Centre,Kakamega,2025-10-01,77,45,47,5,44,4,1,1,28,5,47,44,134,200
F007,F007 Health Centre,Kakamega,2025-11-01,186,87,82,4,78,1,4,0,25,1,60,72,220,307
F007,F007 Health Centre,Kakamega,2025-12-01,119,70,55,14,54,5,1,1,8,0,47,36,195,371
F008,F008 Health Centre,Kiambu,2024-01-01,77,35,39,6,34,5,1,1,9,0,31,34,261,178
F008,F008 Health Centre,Kiambu,2024-02-01,132,76,66,2,61,2,4,0,7,8,65,44,256,213
F008,F008 Health Centre,Kiambu,2024-03-01,75,37,59,8,56,2,4,2,4,6,59,42,139,280
F008,F008 Health Centre,Kiambu,2024-04-01,58,27,36,5,36,1,1,2,19,1,26,25,119,275
F008,F008 Health Centre,Kiambu,2024-05-01,160,78,92,17,90,2,2,2,2,1,89,85,191,142
F008,F008 Health Centre,Kiambu,2024-06-01,90,47,34,8,32,8,1,0,30,11,32,23,127,369
F008,F008 Health Centre,Kiambu,2024-07-01,173,99,113,1,112,4,0,2,14,1,113,101,87,187
F008,F008 Health Centre,Kiambu,2024-08-01,186,106,94,7,91,2,3,2,8,8,62,91,277,147
F008,F008 Health Centre,Kiambu,2024-09-01,79,50,58,10,57,7,3,1,5,8,42,54,239,331
F008,F008 Health Centre,Kiambu,2024-10-01,131,65,58,12,58,7,2,2,17,6,53,38,270,409
F008,F008 Health Centre,Kiambu,2024-11-01,122,64,78,19,78,0,1,2,27,1,71,53,61,120
F008,F008 Health Centre,Kiambu,2024-12-01,181,86,67,3,67,7,0,1,0,4,62,55,280,167
F008,F008 Health Centre,Kiambu,2025-01-01,171,95,116,3,114,2,0,2,21,7,115,69,105,73
F008,F008 Health Centre,Kiambu,2025-02-01,177,94,125,30,125,1,3,2,7,1,102,83,201,313
F008,F008 Health Centre,Kiambu,2025-03-01,66,30,47,7,47,6,3,1,15,11,36,30,246,246
F008,F008 Health Centre,Kiambu,2025-04-01,63,40,35,8,33,8,4,2,20,4,33,31,199,186
F008,F008 Health Centre,Kiambu,2025-05-01,84,46,46,0,44,8,4,1,9,5,34,43,256,336
F008,F008 Health Centre,Kiambu,2025-06-01,124,75,43,2,40,5,1,1,28,6,38,39,161,105
F008,F008 Health Centre,Kiambu,2025-07-01,137,84,63,10,61,1,3,2,6,2,39,39,117,244
F008,F008 Health Centre,Kiambu,2025-08-01,187,90,126,26,122,5,0,1,6,4,95,108,214,263
F008,F008 Health Centre,Kiambu,2025-09-01,175,109,60,0,58,5,3,2,26,11,53,41,262,407
F008,F008 Health Centre,Kiambu,2025-10-01,110,68,44,13,42,2,1,1,19,2,42,42,282,55
F008,F008 Health Centre,Kiambu,2025-11-01,54,34,20,2,20,3,3,0,15,2,17,20,246,110
F008,F008 Health Centre,Kiambu,2025-12-01,179,91,65,2,60,4,0,2,17,4,62,55,279,182
F009,F009 Sub-County Hospital,Machakos,2024-01-01,179,102,133,19,130,1,1,0,24,11,103,87,281,241
F009,F009 Sub-County Hospital,Machakos,2024-02-01,266,199,128,15,123,2,0,0,13,1,83,117,154,272
F009,F009 Sub-County Hospital,Machakos,2024-03-01,291,208,175,9,171,7,2,2,0,2,129,134,223,131
F009,F009 Sub-County Hospital,Machakos,2024-04-01,211,134,129,16,124,5,4,1,7,12,112,90,197,250
F009,F009 Sub-County Hospital,Machakos,2024-05-01,165,102,85,18,85,6,4,2,27,1,71,71,205,273
F009,F009 Sub-County Hospital,Machakos,2024-06-01,176,91,129,27,124,0,2,1,20,5,125,84,43,198
F009,F009 Sub-County Hospital,Machakos,2024-07-01,197,105,76,10,72,4,3,1,16,9,58,57,165,223
F009,F009 Sub-County Hospital,Machakos,2024-08-01,272,133,195,27,191,5,1,2,26,4,192,195,178,61
F009,F009 Sub-County Hospital,Machakos,2024-09-01,283,161,199,29,198,7,4,1,4,8,122,198,111,304
F009,F009 Sub-County Hospital,Machakos,2024-10-01,399,237,309,9,307,0,0,2,9,12,233,303,171,76
F009,F009 Sub-County Hospital,Machakos,2024-11-01,285,191,223,12,220,3,3,0,16,8,176,190,215,126
F009,F009 Sub-County Hospital,Machakos,2024-12-01,219,144,85,3,82,4,1,2,1,11,56,58,65,318
F009,F009 Sub-County Hospital,Machakos,2025-01-01,193,135,144,41,140,5,2,2,17,10,106,94,82,424
F009,F009 Sub-County Hospital,Machakos,2025-02-01,391,292,137,41,136,1,2,2,28,4,132,109,165,146
F009,F009 Sub-County Hospital,Machakos,2025-03-01,213,108,159,47,156,8,2,0,14,6,100,107,279,289
F009,F009 Sub-County Hospital,Machakos,2025-04-01,156,94,52,10,51,3,3,0,21,1,50,51,160,244
F009,F009 Sub-County Hospital,Machakos,2025-05-01,208,145,156,21,156,4,1,1,8,6,116,141,68,226
F009,F009 Sub-County Hospital,Machakos,2025-06-01,229,146,91,2,87,0,4,0,12,7,61,65,203,324
F009,F009 Sub-County Hospital,Machakos,2025-07-01,350,192,107,18,104,6,0,2,21,3,65,92,166,218
F009,F009 Sub-County Hospital,Machakos,2025-08-01,381,206,221,6,221,7,4,1,22,4,139,213,281,273
F009,F009 Sub-County Hospital,Machakos,2025-09-01,282,170,181,17,179,2,2,1,30,9,137,139,169,322
F009,F009 Sub-County Hospital,Machakos,2025-10-01,377,233,210,40,208,6,4,0,0,2,148,127,266,266
F009,F009 Sub-County Hospital,Machakos,2025-11-01,220,148,112,12,112,7,2,2,28,9,88,103,254,118
F009,F009 Sub-County Hospital,Machakos,2025-12-01,325,231,258,60,256,2,1,0,9,10,169,173,163,197
F010,F010 County Referral Hospital,Murang'a,2024-01-01,540,248,285,59,283,2,3,2,25,6,236,218,284,232
F010,F010 County Referral Hospital,Murang'a,2024-02-01,416,307,276,8,273,1,1,2,8,6,235,265,158,170
F010,F010 County Referral Hospital,Murang'a,2024-03-01,365,225,209,25,209,6,1,2,16,4,192,138,101,284
F010,F010 County Referral Hospital,Murang'a,2024-04-01,377,267,151,21,151,2,2,1,9,8,97,145,218,156
F010,F010 County Referral Hospital,Murang'a,2024-05-01,391,214,227,6,222,6,1,2,16,1,216,203,42,319
F010,F010 County Referral Hospital,Murang'a,2024-06-01,469,300,209,11,209,6,0,2,20,9,156,203,242,77
F010,F010 County Referral Hospital,Murang'a,2024-07-01,328,237,222,33,218,3,2,0,12,1,195,191,132,154
F010,F010 County Referral Hospital,Murang'a,2024-08-01,561,286,184,29,182,1,0,0,9,8,165,153,270,352
F010,F010 County Referral Hospital,Murang'a,2024-09-01,514,373,211,1,210,2,0,0,5,4,126,138,289,163
F010,F010 County Referral Hospital,Murang'a,2024-10-01,647,332,480,21,478,5,2,0,30,1,324,354,248,300
F010,F010 County Referral Hospital,Murang'a,2024-11-01,428,194,307,0,303,4,0,1,7,7,254,196,185,85
F010,F010 County Referral Hospital,Murang'a,2024-12-01,359,235,202,33,199,3,3,0,28,6,150,154,60,240
F010,F010 County Referral Hospital,Murang'a,2025-01-01,340,178,111,2,109,7,1,0,18,5,79,77,271,339
F010,F010 County Referral Hospital,Murang'a,2025-02-01,358,225,150,14,149,1,3,1,3,6,98,128,252,426
F010,F010 County Referral Hospital,Murang'a,2025-03-01,656,435,229,59,227,4,4,0,9,4,153,220,166,162
F010,F010 County Referral Hospital,Murang'a,2025-04-01,476,253,312,12,310,6,0,0,6,10,268,208,194,303
F010,F010 County Referral Hospital,Murang'a,2025-05-01,456,306,270,61,266,2,3,0,17,5,207,256,76,167
F010,F010 County Referral Hospital,Murang'a,2025-06-01,539,255,267,44,262,7,4,1,27,8,253,162,293,309
F010,F010 County Referral Hospital,Murang'a,2025-07-01,624,354,238,58,234,6,3,2,20,12,170,220,150,272
F010,F010 County Referral Hospital,Murang'a,2025-08-01,605,328,473,77,468,5,3,0,0,2,296,335,202,133
F010,F010 County Referral Hospital,Murang'a,2025-09-01,362,169,185,34,185,1,2,1,16,10,122,142,156,174
F010,F010 County Referral Hospital,Murang'a,2025-10-01,337,178,235,55,234,4,4,0,6,12,182,229,108,431
F010,F010 County Referral Hospital,Murang'a,2025-11-01,442,248,256,14,256,4,0,1,12,2,256,224,210,409
F010,F010 County Referral Hospital,Murang'a,2025-12-01,353,158,168,41,168,1,3,1,26,0,134,103,156,364
F011,F011 County Referral Hospital,Busia,2024-01-01,504,259,180,7,176,8,0,1,19,0,143,139,297,351
F011,F011 County Referral Hospital,Busia,2024-02-01,340,166,179,41,175,2,0,2,28,9,121,128,40,242
F011,F011 County Referral Hospital,Busia,2024-03-01,375,272,176,18,176,8,2,0,2,10,158,158,189,392
F011,F011 County Referral Hospital,Busia,2024-04-01,340,196,106,23,103,5,3,2,26,1,67,104,157,179
F011,F011 County Referral Hospital,Busia,2024-05-01,413,194,209,14,208,3,0,1,18,3,202,142,119,448
F011,F011 County Referral Hospital,Busia,2024-06-01,380,197,207,45,203,6,1,1,28,11,185,145,259,135
F011,F011 County Referral Hospital,Busia,2024-07-01,673,371,428,26,424,3,4,0,13,5,298,369,266,432
F011,F011 County Referral Hospital,Busia,2024-08-01,401,180,259,60,254,2,2,0,7,6,191,222,60,56
F011,F011 County Referral Hospital,Busia,2024-09-01,652,335,376,105,371,4,0,1,22,4,322,341,256,237
F011,F011 County Referral Hospital,Busia,2024-10-01,333,211,136,30,131,7,2,0,5,9,88,89,144,375
F011,F011 County Referral Hospital,Busia,2024-11-01,496,306,336,42,333,4,2,0,8,9,251,202,55,87
F011,F011 County Referral Hospital,Busia,2024-12-01,677,398,518,0,517,8,1,1,30,0,370,322,124,120
F011,F011 County Referral Hospital,Busia,2025-01-01,644,418,307,39,306,6,2,1,11,6,238,209,51,353
F011,F011 County Referral Hospital,Busia,2025-02-01,632,295,382,54,378,5,4,0,29,11,302,298,49,250
F011,F011 County Referral Hospital,Busia,2025-03-01,508,305,231,52,229,1,2,1,3,7,222,211,117,405
F011,F011 County Referral Hospital,Busia,2025-04-01,418,313,137,0,136,8,4,0,30,12,99,118,104,324
F011,F011 County Referral Hospital,Busia,2025-05-01,436,271,214,41,214,7,2,2,26,2,207,214,112,328
F011,F011 County Referral Hospital,Busia,2025-06-01,310,164,217,35,215,0,0,0,2,0,172,185,287,292
F011,F011 County Referral Hospital,Busia,2025-07-01,605,284,295,55,293,6,2,1,4,10,196,283,98,256
F011,F011 County Referral Hospital,Busia,2025-08-01,598,373,446,43,441,8,3,2,15,9,383,415,159,200
F011,F011 County Referral Hospital,Busia,2025-09-01,556,331,387,113,386,5,3,0,4,12,283,253,201,114
F011,F011 County Referral Hospital,Busia,2025-10-01,696,485,414,4,412,7,4,1,17,1,328,365,203,321
F011,F011 County Referral Hospital,Busia,2025-11-01,361,165,117,4,112,5,2,1,14,5,74,81,173,240
F011,F011 County Referral Hospital,Busia,2025-12-01,551,307,409,86,405,8,2,2,26,0,259,282,42,399
F012,F012 Health Centre,Murang'a,2024-01-01,182,112,136,3,133,8,4,1,22,1,111,114,160,126
F012,F012 Health Centre,Murang'a,2024-02-01,84,48,67,1,63,1,2,2,26,5,54,47,121,141
F012,F012 Health Centre,Murang'a,2024-03-01,87,44,41,11,40,6,0,0,14,5,33,28,241,369
F012,F012 Health Centre,Murang'a,2024-04-01,185,116,81,5,81,1,1,1,4,3,67,60,59,418
F012,F012 Health Centre,Murang'a,2024-05-01,157,75,113,17,111,6,3,0,14,8,89,97,140,61
F012,F012 Health Centre,Murang'a,2024-06-01,84,59,38,10,33,4,4,1,15,11,36,24,177,251
F012,F012 Health Centre,Murang'a,2024-07-01,170,90,77,20,73,0,4,0,3,3,74,48,97,317
F012,F012 Health Centre,Murang'a,2024-08-01,104,56,62,8,62,3,0,1,18,4,57,60,284,187
F012,F012 Health Centre,Murang'a,2024-09-01,111,65,38,8,34,1,2,2,14,10,35,33,82,241
F012,F012 Health Centre,Murang'a,2024-10-01,65,33,25,6,23,5,4,2,4,1,24,19,99,236
F012,F012 Health Centre,Murang'a,2024-11-01,71,46,47,12,46,8,3,0,17,10,47,28,219,204
F012,F012 Health Centre,Murang'a,2024-12-01,52,30,16,1,15,5,1,1,10,5,14,12,269,142
F012,F012 Health Centre,Murang'a,2025-01-01,52,33,41,6,41,0,3,2,24,4,28,24,128,122
F012,F012 Health Centre,Murang'a,2025-02-01,142,99,104,15,100,6,3,0,14,12,67,64,239,411
F012,F012 Health Centre,Murang'a,2025-03-01,55,27,39,1,34,3,0,0,4,2,29,28,167,231
F012,F012 Health Centre,Murang'a,2025-04-01,128,71,63,15,58,4,2,0,26,6,59,47,244,69
F012,F012 Health Centre,Murang'a,2025-05-01,85,50,55,9,55,2,0,1,7,8,38,41,200,348
F012,F012 Health Centre,Murang'a,2025-06-01,147,77,65,7,61,7,1,1,22,8,65,47,151,342
F012,F012 Health Centre,Murang'a,2025-07-01,159,117,53,12,48,0,3,2,6,9,33,31,219,98
F012,F012 Health Centre,Murang'a,2025-08-01,140,103,45,11,42,1,0,2,26,1,40,38,142,403
F012,F012 Health Centre,Murang'a,2025-09-01,137,97,109,23,104,1,2,2,30,3,105,74,71,415
F012,F012 Health Centre,Murang'a,2025-10-01,93,58,41,10,39,3,2,0,20,4,34,24,80,213
F012,F012 Health Centre,Murang'a,2025-11-01,93,63,73,21,69,0,0,2,25,6,51,69,249,112
F012,F012 Health Centre,Murang'a,2025-12-01,130,86,97,25,93,3,1,1,12,11,97,83,176,359
F013,F013 County Referral Hospital,Machakos,2024-01-01,601,380,282,67,278,6,4,0,3,2,259,222,233,341
F013,F013 County Referral Hospital,Machakos,2024-02-01,669,457,298,6,298,5,2,1,12,4,293,279,126,428
F013,F013 County Referral Hospital,Machakos,2024-03-01,447,270,212,18,207,8,1,2,2,8,151,146,212,236
F013,F013 County Referral Hospital,Machakos,2024-04-01,342,173,198,25,193,1,3,2,17,2,174,138,274,144
F013,F013 County Referral Hospital,Machakos,2024-05-01,357,190,218,2,214,6,3,0,5,2,205,181,157,87
F013,F013 County Referral Hospital,Machakos,2024-06-01,510,320,177,7,172,2,2,0,9,10,107,132,199,99
F013,F013 County Referral Hospital,Machakos,2024-07-01,545,351,165,42,160,7,0,0,29,7,160,160,150,316
F013,F013 County Referral Hospital,Machakos,2024-08-01,493,297,152,16,149,0,2,0,1,10,125,151,256,256
F013,F013 County Referral Hospital,Machakos,2024-09-01,669,377,452,135,449,3,2,2,18,10,339,334,47,409
F013,F013 County Referral Hospital,Machakos,2024-10-01,656,314,272,16,269,4,0,1,7,10,204,195,141,112
F013,F013 County Referral Hospital,Machakos,2024-11-01,558,371,173,41,168,5,0,2,17,2,121,111,248,121
F013,F013 County Referral Hospital,Machakos,2024-12-01,670,396,518,56,517,2,2,0,22,12,443,385,48,382
F013,F013 County Referral Hospital,Machakos,2025-01-01,554,324,267,67,266,4,0,1,4,3,256,178,204,381
F013,F013 County Referral Hospital,Machakos,2025-02-01,686,342,466,127,464,4,0,0,18,1,329,332,109,127
F013,F013 County Referral Hospital,Machakos,2025-03-01,545,353,173,13,169,2,0,2,3,6,144,167,59,248
F013,F013 County Referral Hospital,Machakos,2025-04-01,432,248,289,65,287,5,0,0,19,9,237,227,246,409
F013,F013 County Referral Hospital,Machakos,2025-05-01,420,298,154,33,149,0,2,2,7,12,146,92,271,250
F013,F013 County Referral Hospital,Machakos,2025-06-01,599,276,330,48,329,5,0,1,15,3,225,284,160,289
F013,F013 County Referral Hospital,Machakos,2025-07-01,535,332,282,27,280,4,0,2,30,12,209,252,164,148
F013,F013 County Referral Hospital,Machakos,2025-08-01,386,255,183,43,178,3,1,2,10,0,159,182,188,205
F013,F013 County Referral Hospital,Machakos,2025-09-01,424,245,314,66,310,0,1,1,28,4,251,283,85,389
F013,F013 County Referral Hospital,Machakos,2025-10-01,390,235,256,0,253,6,2,1,17,5,235,205,287,330
F013,F013 County Referral Hospital,Machakos,2025-11-01,653,389,458,43,455,8,2,2,10,1,311,396,67,428
F013,F013 County Referral Hospital,Machakos,2025-12-01,348,169,239,26,236,0,3,0,25,11,206,144,204,222
F014,F014 Sub-County Hospital,Kakamega,2024-01-01,254,157,102,10,100,1,2,0,29,3,95,87,78,206
F014,F014 Sub-County Hospital,Kakamega,2024-02-01,230,105,146,19,146,3,4,0,4,12,109,136,72,186
F014,F014 Sub-County Hospital,Kakamega,2024-03-01,332,153,120,0,120,1,4,0,11,0,114,91,197,425
F014,F014 Sub-County Hospital,Kakamega,2024-04-01,193,128,126,6,123,4,2,2,22,11,77,116,95,67
F014,F014 Sub-County Hospital,Kakamega,2024-05-01,312,233,194,44,193,5,2,0,18,7,134,167,137,199
F014,F014 Sub-County Hospital,Kakamega,2024-06-01,331,182,190,20,187,5,4,0,9,7,167,185,109,403
F014,F014 Sub-County Hospital,Kakamega,2024-07-01,334,190,236,32,234,7,1,0,1,5,146,156,83,246
F014,F014 Sub-County Hospital,Kakamega,2024-08-01,155,70,63,13,59,4,4,1,15,7,52,50,102,349
F014,F014 Sub-County Hospital,Kakamega,2024-09-01,195,90,74,18,71,6,1,1,14,5,55,70,224,389
F014,F014 Sub-County Hospital,Kakamega,2024-10-01,349,213,263,38,258,3,0,2,21,9,181,206,235,277
F014,F014 Sub-County Hospital,Kakamega,2024-11-01,375,179,135,25,134,5,1,1,5,2,119,133,156,440
F014,F014 Sub-County Hospital,Kakamega,2024-12-01,293,181,129,36,124,1,4,1,20,9,89,119,279,224
F014,F014 Sub-County Hospital,Kakamega,2025-01-01,305,168,207,40,206,7,2,0,6,1,165,190,234,123
F014,F014 Sub-County Hospital,Kakamega,2025-02-01,370,168,231,9,230,8,4,1,15,10,197,223,212,203
F014,F014 Sub-County Hospital,Kakamega,2025-03-01,312,221,106,28,102,4,2,0,19,3,80,68,92,144
F014,F014 Sub-County Hospital,Kakamega,2025-04-01,393,203,221,38,218,2,4,1,1,6,205,183,273,402
F014,F014 Sub-County Hospital,Kakamega,2025-05-01,189,131,56,12,54,7,2,0,22,5,44,55,48,164
F014,F014 Sub-County Hospital,Kakamega,2025-06-01,271,161,84,3,79,6,0,1,11,7,52,67,285,310
F014,F014 Sub-County Hospital,Kakamega,2025-07-01,369,223,281,8,280,3,3,2,23,2,239,228,161,235
F014,F014 Sub-County Hospital,Kakamega,2025-08-01,275,174,214,45,211,4,1,2,13,5,155,207,71,367
F014,F014 Sub-County Hospital,Kakamega,2025-09-01,230,139,129,5,126,7,2,2,3,6,110,104,289,194
F014,F014 Sub-County Hospital,Kakamega,2025-10-01,326,181,231,50,231,5,0,2,20,6,139,140,46,180
F014,F014 Sub-County Hospital,Kakamega,2025-11-01,222,125,112,14,110,1,0,0,13,10,97,69,268,371
F014,F014 Sub-County Hospital,Kakamega,2025-12-01,260,120,141,16,139,3,0,0,20,12,128,113,136,193
F015,F015 Sub-County Hospital,Kiambu,2024-01-01,189,115,91,24,86,2,0,0,17,1,69,66,70,361
F015,F015 Sub-County Hospital,Kiambu,2024-02-01,395,214,179,50,175,0,0,2,27,0,176,169,220,444
F015,F015 Sub-County Hospital,Kiambu,2024-03-01,198,118,97,3,96,6,0,0,29,2,85,86,176,225
F015,F015 Sub-County Hospital,Kiambu,2024-04-01,325,242,228,49,228,8,4,2,21,4,152,139,236,127
F015,F015 Sub-County Hospital,Kiambu,2024-05-01,371,273,186,34,182,7,4,0,28,10,114,131,113,228
F015,F015 Sub-County Hospital,Kiambu,2024-06-01,399,203,318,54,316,5,1,0,0,5,238,263,71,169
F015,F015 Sub-County Hospital,Kiambu,2024-07-01,152,79,90,3,88,7,0,1,26,12,58,75,192,259
F015,F015 Sub-County Hospital,Kiambu,2024-08-01,267,139,128,38,128,4,2,0,17,5,119,78,267,85
F015,F015 Sub-County Hospital,Kiambu,2024-09-01,362,258,127,13,123,3,2,0,8,6,91,99,188,286
F015,F015 Sub-County Hospital,Kiambu,2024-10-01,252,160,143,17,139,8,2,1,24,11,131,114,249,141
F015,F015 Sub-County Hospital,Kiambu,2024-11-01,150,94,117,14,112,4,4,1,29,7,83,99,48,397
F015,F015 Sub-County Hospital,Kiambu,2024-12-01,197,94,149,38,146,6,0,1,26,4,101,97,255,205
F015,F015 Sub-County Hospital,Kiambu,2025-01-01,334,160,223,20,218,2,2,1,3,4,177,203,300,218
F015,F015 Sub-County Hospital,Kiambu,2025-02-01,155,76,115,11,111,0,4,0,0,1,72,79,233,175
F015,F015 Sub-County Hospital,Kiambu,2025-03-01,372,241,285,5,285,1,4,2,0,7,263,200,179,337
F015,F015 Sub-County Hospital,Kiambu,2025-04-01,343,225,165,19,165,3,4,0,13,10,99,156,283,83
F015,F015 Sub-County Hospital,Kiambu,2025-05-01,381,239,232,22,228,7,0,0,8,5,146,225,230,329
F015,F015 Sub-County Hospital,Kiambu,2025-06-01,392,283,312,80,308,2,0,0,8,4,303,238,185,371
F015,F015 Sub-County Hospital,Kiambu,2025-07-01,362,267,161,39,156,7,2,0,4,5,158,158,153,54
F015,F015 Sub-County Hospital,Kiambu,2025-08-01,229,119,81,8,79,3,4,0,29,12,60,63,126,96
F015,F015 Sub-County Hospital,Kiambu,2025-09-01,205,137,65,2,61,3,4,1,28,10,55,63,123,119
F015,F015 Sub-County Hospital,Kiambu,2025-10-01,251,171,198,11,197,5,3,0,2,9,154,142,250,100
F015,F015 Sub-County Hospital,Kiambu,2025-11-01,222,161,170,20,167,2,4,1,17,8,121,133,222,223
F015,F015 Sub-County Hospital,Kiambu,2025-12-01,391,201,135,34,130,4,2,1,22,12,105,119,61,203
F016,F016 Sub-County Hospital,Murang'a,2024-01-01,250,137,196,18,193,1,3,2,20,8,124,130,281,284
F016,F016 Sub-County Hospital,Murang'a,2024-02-01,172,80,120,27,116,6,2,1,1,6,95,73,66,124
F016,F016 Sub-County Hospital,Murang'a,2024-03-01,200,113,111,19,111,4,0,1,14,1,82,75,81,413
F016,F016 Sub-County Hospital,Murang'a,2024-04-01,155,89,85,7,83,1,1,1,3,8,65,67,291,408
F016,F016 Sub-County Hospital,Murang'a,2024-05-01,298,207,127,9,123,1,0,2,28,8,78,104,268,327
F016,F016 Sub-County Hospital,Murang'a,2024-06-01,372,214,282,64,280,1,4,0,16,9,255,255,116,110
F016,F016 Sub-County Hospital,Murang'a,2024-07-01,349,216,215,54,215,3,4,0,8,7,196,184,116,259
F016,F016 Sub-County Hospital,Murang'a,2024-08-01,220,153,166,5,161,6,0,1,20,10,105,107,250,61
F016,F016 Sub-County Hospital,Murang'a,2024-09-01,236,107,100,10,100,0,3,2,24,6,64,66,170,61
F016,F016 Sub-County Hospital,Murang'a,2024-10-01,325,205,207,28,207,3,2,2,14,0,128,188,107,252
F016,F016 Sub-County Hospital,Murang'a,2024-11-01,198,119,97,21,94,4,3,0,4,10,80,60,269,183
F016,F016 Sub-County Hospital,Murang'a,2024-12-01,267,175,122,5,118,8,4,2,7,11,107,120,150,430
F016,F016 Sub-County Hospital,Murang'a,2025-01-01,325,186,243,29,243,1,3,2,25,4,217,201,71,276
F016,F016 Sub-County Hospital,Murang'a,2025-02-01,166,111,124,8,122,7,2,0,3,7,78,90,191,404
F016,F016 Sub-County Hospital,Murang'a,2025-03-01,156,82,82,5,78,7,2,2,12,7,61,56,94,442
F016,F016 Sub-County Hospital,Murang'a,2025-04-01,162,79,107,24,104,0,1,1,19,1,107,72,252,88
F016,F016 Sub-County Hospital,Murang'a,2025-05-01,238,142,75,19,71,5,3,2,27,1,45,52,143,202
F016,F016 Sub-County Hospital,Murang'a,2025-06-01,293,146,101,1,100,3,2,2,10,3,96,72,96,375
F016,F016 Sub-County Hospital,Murang'a,2025-07-01,271,160,114,9,114,6,2,2,16,1,73,91,284,447
F016,F016 Sub-County Hospital,Murang'a,2025-08-01,343,226,125,12,122,7,4,2,19,5,90,103,114,326
F016,F016 Sub-County Hospital,Murang'a,2025-09-01,165,98,79,19,76,8,1,1,16,1,78,58,292,103
F016,F016 Sub-County Hospital,Murang'a,2025-10-01,205,96,72,21,70,8,1,1,1,8,52,68,148,192
F016,F016 Sub-County Hospital,Murang'a,2025-11-01,320,167,119,7,118,1,4,2,5,8,104,118,126,350
F016,F016 Sub-County Hospital,Murang'a,2025-12-01,174,94,96,9,93,0,2,1,29,3,70,68,87,128
F017,F017 County Referral Hospital,Kisumu,2024-01-01,659,387,347,24,346,4,2,2,6,11,254,252,70,288
F017,F017 County Referral Hospital,Kisumu,2024-02-01,563,419,224,3,222,0,4,2,17,11,218,210,178,424
F017,F017 County Referral Hospital,Kisumu,2024-03-01,676,317,478,21,475,7,1,0,29,12,340,388,165,240
F017,F017 County Referral Hospital,Kisumu,2024-04-01,351,251,116,29,115,8,2,0,10,12,82,87,148,235
F017,F017 County Referral Hospital,Kisumu,2024-05-01,517,354,301,9,299,4,0,2,9,6,192,236,181,238
F017,F017 County Referral Hospital,Kisumu,2024-06-01,463,312,188,50,185,8,0,0,16,7,124,153,85,166
F017,F017 County Referral Hospital,Kisumu,2024-07-01,304,136,192,12,190,0,4,1,25,1,137,190,124,243
F017,F017 County Referral Hospital,Kisumu,2024-08-01,376,256,170,48,167,1,4,0,11,7,161,158,248,197
F017,F017 County Referral Hospital,Kisumu,2024-09-01,367,190,229,67,224,8,2,0,14,9,227,140,197,285
F017,F017 County Referral Hospital,Kisumu,2024-10-01,491,309,187,12,187,3,1,2,22,5,114,125,131,166
F017,F017 County Referral Hospital,Kisumu,2024-11-01,385,245,116,3,116,1,1,1,19,3,86,75,221,401
F017,F017 County Referral Hospital,Kisumu,2024-12-01,559,289,238,10,237,1,2,0,3,0,212,211,40,408
F017,F017 County Referral Hospital,Kisumu,2025-01-01,609,412,471,87,471,6,3,1,19,12,462,339,215,252
F017,F017 County Referral Hospital,Kisumu,2025-02-01,348,246,173,3,173,8,0,1,21,5,119,173,240,55
F017,F017 County Referral Hospital,Kisumu,2025-03-01,506,364,302,19,302,7,2,1,15,11,183,299,286,178
F017,F017 County Referral Hospital,Kisumu,2025-04-01,607,444,352,22,351,4,4,2,8,10,350,324,244,167
F017,F017 County Referral Hospital,Kisumu,2025-05-01,591,295,370,3,370,7,3,2,9,1,329,305,277,63
F017,F017 County Referral Hospital,Kisumu,2025-06-01,683,325,382,16,378,5,0,1,7,12,315,305,96,374
F017,F017 County Referral Hospital,Kisumu,2025-07-01,663,408,425,85,424,0,2,1,10,6,374,343,72,334
F017,F017 County Referral Hospital,Kisumu,2025-08-01,621,382,310,17,305,4,1,0,10,0,308,254,220,95
F017,F017 County Referral Hospital,Kisumu,2025-09-01,358,177,225,33,221,1,3,0,13,11,214,202,228,138
F017,F017 County Referral Hospital,Kisumu,2025-10-01,312,183,202,42,199,0,2,2,18,9,194,145,114,379
F017,F017 County Referral Hospital,Kisumu,2025-11-01,332,222,217,34,214,5,3,0,20,8,148,177,249,356
F017,F017 County Referral Hospital,Kisumu,2025-12-01,323,165,230,56,225,6,0,2,19,7,229,190,87,163
F018,F018 Health Centre,Kiambu,2024-01-01,83,57,26,7,21,4,0,0,30,8,24,24,159,264
F018,F018 Health Centre,Kiambu,2024-02-01,135,101,42,0,37,3,0,2,0,8,35,39,121,212
F018,F018 Health Centre,Kiambu,2024-03-01,184,99,73,5,73,8,3,1,4,12,44,57,295,199
F018,F018 Health Centre,Kiambu,2024-04-01,183,106,60,5,58,6,1,1,26,8,38,38,238,351
F018,F018 Health Centre,Kiambu,2024-05-01,63,47,46,2,43,3,1,2,16,5,38,42,276,351
F018,F018 Health Centre,Kiambu,2024-06-01,171,93,122,16,117,0,4,1,5,12,84,106,253,94
F018,F018 Health Centre,Kiambu,2024-07-01,185,91,111,9,108,0,3,1,15,6,98,76,263,290
F018,F018 Health Centre,Kiambu,2024-08-01,87,55,37,4,37,7,4,2,26,6,23,30,126,319
F018,F018 Health Centre,Kiambu,2024-09-01,187,115,121,10,119,8,3,1,22,2,116,90,102,360
F018,F018 Health Centre,Kiambu,2024-10-01,141,81,57,11,54,1,3,1,5,6,52,46,276,139
F018,F018 Health Centre,Kiambu,2024-11-01,186,119,72,11,69,6,2,1,27,5,71,45,174,270
F018,F018 Health Centre,Kiambu,2024-12-01,142,101,106,14,106,4,1,0,19,9,85,77,121,102
F018,F018 Health Centre,Kiambu,2025-01-01,188,120,86,3,81,5,1,0,10,10,83,75,228,184
F018,F018 Health Centre,Kiambu,2025-02-01,189,98,85,21,81,8,0,1,15,1,57,82,185,138
F018,F018 Health Centre,Kiambu,2025-03-01,143,69,107,27,103,7,2,2,13,6,106,94,91,447
F018,F018 Health Centre,Kiambu,2025-04-01,165,115,95,27,90,2,2,2,1,9,86,79,232,105
F018,F018 Health Centre,Kiambu,2025-05-01,113,64,50,15,48,5,0,0,9,4,32,47,223,373
F018,F018 Health Centre,Kiambu,2025-06-01,64,28,46,0,45,0,3,2,22,9,43,36,162,437
F018,F018 Health Centre,Kiambu,2025-07-01,146,79,78,16,75,1,2,2,13,5,78,76,138,199
F018,F018 Health Centre,Kiambu,2025-08-01,57,33,34,6,30,3,4,2,8,1,23,27,48,276
F018,F018 Health Centre,Kiambu,2025-09-01,183,112,57,7,52,3,0,0,8,1,37,50,116,248
F018,F018 Health Centre,Kiambu,2025-10-01,64,41,21,6,18,8,1,2,23,1,19,21,265,264
F018,F018 Health Centre,Kiambu,2025-11-01,119,78,66,0,64,7,2,0,0,5,40,59,71,322
F018,F018 Health Centre,Kiambu,2025-12-01,59,26,47,0,47,8,1,1,30,0,40,33,71,110
F019,F019 County Referral Hospital,Kiambu,2024-01-01,608,275,378,106,374,8,3,0,23,11,236,375,67,207
F019,F019 County Referral Hospital,Kiambu,2024-02-01,383,203,152,26,147,6,1,2,8,5,116,110,213,68
F019,F019 County Referral Hospital,Kiambu,2024-03-01,624,440,322,4,317,7,4,2,9,12,230,282,112,114
F019,F019 County Referral Hospital,Kiambu,2024-04-01,307,159,108,14,104,5,1,0,15,6,80,107,167,225
F019,F019 County Referral Hospital,Kiambu,2024-05-01,590,320,254,46,251,1,4,0,22,7,157,167,215,282
F019,F019 County Referral Hospital,Kiambu,2024-06-01,545,323,322,10,317,6,3,0,3,4,276,271,177,295
F019,F019 County Referral Hospital,Kiambu,2024-07-01,630,303,407,81,402,3,3,2,3,7,326,340,127,394
F019,F019 County Referral Hospital,Kiambu,2024-08-01,625,383,460,16,458,1,2,1,21,0,298,438,191,221
F019,F019 County Referral Hospital,Kiambu,2024-09-01,533,242,165,18,160,0,0,1,6,10,128,157,211,349
F019,F019 County Referral Hospital,Kiambu,2024-10-01,346,168,266,21,262,6,0,0,3,12,225,225,147,362
F019,F019 County Referral Hospital,Kiambu,2024-11-01,473,296,255,4,255,6,0,0,13,1,237,231,229,343
F019,F019 County Referral Hospital,Kiambu,2024-12-01,452,246,223,31,221,2,2,0,14,0,211,171,119,64
F019,F019 County Referral Hospital,Kiambu,2025-01-01,662,396,381,79,377,5,2,1,0,8,231,377,202,336
F019,F019 County Referral Hospital,Kiambu,2025-02-01,610,313,448,35,448,5,2,2,24,10,444,377,136,55
F019,F019 County Referral Hospital,Kiambu,2025-03-01,558,311,412,61,411,5,0,2,29,8,305,296,211,174
F019,F019 County Referral Hospital,Kiambu,2025-04-01,454,224,144,11,141,3,4,2,23,6,104,123,152,238
F019,F019 County Referral Hospital,Kiambu,2025-05-01,450,268,286,79,281,7,0,1,10,5,208,217,137,323
F019,F019 County Referral Hospital,Kiambu,2025-06-01,579,303,252,30,247,4,0,2,3,7,155,250,297,405
F019,F019 County Referral Hospital,Kiambu,2025-07-01,589,347,424,78,423,8,1,1,15,8,292,397,121,275
F019,F019 County Referral Hospital,Kiambu,2025-08-01,480,348,382,57,379,8,0,1,18,8,246,240,222,112
F019,F019 County Referral Hospital,Kiambu,2025-09-01,654,353,251,39,248,2,4,2,7,3,230,214,232,430
F019,F019 County Referral Hospital,Kiambu,2025-10-01,645,345,328,45,324,7,1,0,12,12,259,292,116,318
F019,F019 County Referral Hospital,Kiambu,2025-11-01,469,339,213,9,213,4,2,1,11,8,185,155,249,329
F019,F019 County Referral Hospital,Kiambu,2025-12-01,569,263,357,6,352,7,2,1,3,1,299,259,190,286
F020,F020 County Referral Hospital,Kiambu,2024-01-01,679,417,246,2,241,0,0,0,0,0,178,190,108,387
F020,F020 County Referral Hospital,Kiambu,2024-02-01,543,327,212,59,207,2,4,1,7,2,162,206,196,331
F020,F020 County Referral Hospital,Kiambu,2024-03-01,552,377,287,54,287,0,1,2,16,4,264,254,228,380
F020,F020 County Referral Hospital,Kiambu,2024-04-01,483,356,191,51,187,1,2,1,20,1,173,135,280,65
F020,F020 County Referral Hospital,Kiambu,2024-05-01,342,224,247,14,246,8,4,1,24,2,162,210,107,400
F020,F020 County Referral Hospital,Kiambu,2024-06-01,577,321,379,0,376,6,3,2,16,12,296,291,292,349
F020,F020 County Referral Hospital,Kiambu,2024-07-01,447,263,156,28,155,3,1,0,0,6,115,128,55,287
F020,F020 County Referral Hospital,Kiambu,2024-08-01,382,283,230,36,229,5,4,2,11,6,211,165,105,307
F020,F020 County Referral Hospital,Kiambu,2024-09-01,550,314,290,37,289,0,2,0,5,4,181,278,42,230
F020,F020 County Referral Hospital,Kiambu,2024-10-01,321,215,149,44,147,5,0,0,27,7,140,103,230,56
F020,F020 County Referral Hospital,Kiambu,2024-11-01,611,319,379,99,375,2,2,2,29,10,268,336,74,291
F020,F020 County Referral Hospital,Kiambu,2024-12-01,490,241,240,32,240,8,4,2,4,11,166,231,299,281
F020,F020 County Referral Hospital,Kiambu,2025-01-01,316,149,130,4,129,6,0,0,19,9,114,128,127,156
F020,F020 County Referral Hospital,Kiambu,2025-02-01,379,197,263,64,258,7,2,2,20,4,199,169,122,124
F020,F020 County Referral Hospital,Kiambu,2025-03-01,539,349,162,28,158,6,3,0,30,7,148,134,187,382
F020,F020 County Referral Hospital,Kiambu,2025-04-01,642,320,193,29,193,7,3,0,7,10,162,188,119,418
F020,F020 County Referral Hospital,Kiambu,2025-05-01,420,305,189,5,188,8,4,2,16,5,127,124,300,428
F020,F020 County Referral Hospital,Kiambu,2025-06-01,520,234,333,34,332,3,0,0,20,2,295,234,220,448
F020,F020 County Referral Hospital,Kiambu,2025-07-01,530,307,421,124,417,4,3,1,22,7,330,350,206,225
F020,F020 County Referral Hospital,Kiambu,2025-08-01,312,186,208,20,203,1,4,1,7,4,140,167,181,306
F020,F020 County Referral Hospital,Kiambu,2025-09-01,372,248,192,42,192,8,2,2,24,1,125,161,196,342
F020,F020 County Referral Hospital,Kiambu,2025-10-01,435,310,306,47,301,0,2,1,29,5,210,215,127,224
F020,F020 County Referral Hospital,Kiambu,2025-11-01,453,242,173,48,169,8,0,2,7,11,122,156,41,137
F020,F020 County Referral Hospital,Kiambu,2025-12-01,591,387,325,71,325,5,3,2,13,11,310,245,146,438
F021,F021 Health Centre,Kisumu,2024-01-01,59,29,33,8,29,7,3,0,2,0,29,33,268,271
F021,F021 Health Centre,Kisumu,2024-02-01,101,46,40,8,37,6,2,0,11,11,26,35,277,366
F021,F021 Health Centre,Kisumu,2024-03-01,77,55,51,5,51,4,4,1,17,8,35,50,160,334
F021,F021 Health Centre,Kisumu,2024-04-01,141,85,57,11,57,0,4,0,28,4,46,47,264,170
F021,F021 Health Centre,Kisumu,2024-05-01,62,43,18,2,14,0,4,0,5,11,17,12,292,406
F021,F021 Health Centre,Kisumu,2024-06-01,121,81,36,0,36,1,0,1,13,6,28,24,73,63
F021,F021 Health Centre,Kisumu,2024-07-01,180,98,123,23,121,7,4,2,28,3,111,116,154,315
F021,F021 Health Centre,Kisumu,2024-08-01,75,37,38,0,38,4,3,1,12,9,34,30,175,270
F021,F021 Health Centre,Kisumu,2024-09-01,72,42,27,0,27,4,2,0,29,9,23,26,92,283
F021,F021 Health Centre,Kisumu,2024-10-01,101,68,30,4,29,1,0,0,16,7,23,18,137,87
F021,F021 Health Centre,Kisumu,2024-11-01,50,35,37,1,34,3,2,2,11,10,37,25,284,294
F021,F021 Health Centre,Kisumu,2024-12-01,163,83,62,13,59,4,0,0,25,6,42,47,215,150
F021,F021 Health Centre,Kisumu,2025-01-01,115,74,51,14,47,7,1,2,28,11,51,30,296,355
F021,F021 Health Centre,Kisumu,2025-02-01,99,59,38,5,34,5,3,0,12,11,28,37,201,58
F021,F021 Health Centre,Kisumu,2025-03-01,77,43,58,3,53,0,1,1,0,12,55,41,243,191
F021,F021 Health Centre,Kisumu,2025-04-01,153,90,105,25,105,0,2,0,26,7,74,75,295,226
F021,F021 Health Centre,Kisumu,2025-05-01,129,70,79,9,76,7,4,2,1,1,67,58,260,386
F021,F021 Health Centre,Kisumu,2025-06-01,52,38,24,6,20,3,2,2,29,8,17,23,288,418
F021,F021 Health Centre,Kisumu,2025-07-01,191,133,91,14,87,1,3,1,30,5,90,59,185,204
F021,F021 Health Centre,Kisumu,2025-08-01,116,74,35,3,34,3,0,0,8,10,29,31,97,440
F021,F021 Health Centre,Kisumu,2025-09-01,115,61,65,8,64,5,4,2,3,5,64,58,234,214
F021,F021 Health Centre,Kisumu,2025-10-01,126,77,56,15,55,7,1,0,8,1,46,49,142,361
F021,F021 Health Centre,Kisumu,2025-11-01,118,63,52,3,48,5,0,1,16,9,32,31,238,60
F021,F021 Health Centre,Kisumu,2025-12-01,151,98,46,13,42,7,3,0,8,0,43,31,150,160
F022,F022 Health Centre,Nairobi,2024-01-01,197,99,119,13,118,8,2,0,17,9,82,91,292,62
F022,F022 Health Centre,Nairobi,2024-02-01,86,60,50,15,49,1,4,0,11,7,32,41,271,301
F022,F022 Health Centre,Nairobi,2024-03-01,109,56,62,10,61,6,1,2,14,8,61,49,61,162
F022,F022 Health Centre,Nairobi,2024-04-01,150,74,112,17,111,6,4,0,5,12,104,99,136,156
F022,F022 Health Centre,Nairobi,2024-05-01,155,106,55,10,52,1,3,2,30,3,33,34,139,64
F022,F022 Health Centre,Nairobi,2024-06-01,144,88,82,8,82,5,4,2,12,8,80,68,116,386
F022,F022 Health Centre,Nairobi,2024-07-01,189,114,96,28,91,8,1,2,21,3,63,91,164,393
F022,F022 Health Centre,Nairobi,2024-08-01,54,28,43,1,41,7,1,2,29,2,25,42,147,409
F022,F022 Health Centre,Nairobi,2024-09-01,155,75,94,22,93,2,4,1,18,4,86,70,84,82
F022,F022 Health Centre,Nairobi,2024-10-01,53,39,41,2,41,4,4,0,13,1,26,30,167,269
F022,F022 Health Centre,Nairobi,2024-11-01,94,59,63,11,60,0,0,1,17,11,56,61,248,291
F022,F022 Health Centre,Nairobi,2024-12-01,77,52,49,5,48,6,1,2,0,2,42,42,63,154
F022,F022 Health Centre,Nairobi,2025-01-01,85,58,68,14,63,3,4,2,23,9,64,53,262,246
F022,F022 Health Centre,Nairobi,2025-02-01,95,60,29,1,28,7,2,0,26,2,25,29,147,418
F022,F022 Health Centre,Nairobi,2025-03-01,200,149,147,4,142,7,2,2,25,6,119,101,213,73
F022,F022 Health Centre,Nairobi,2025-04-01,186,94,71,0,66,4,3,2,21,11,66,49,51,98
F022,F022 Health Centre,Nairobi,2025-05-01,83,45,60,0,57,4,4,2,5,4,39,53,149,378
F022,F022 Health Centre,Nairobi,2025-06-01,105,69,57,14,56,0,3,2,27,10,36,54,49,105
F022,F022 Health Centre,Nairobi,2025-07-01,119,83,49,11,47,2,3,0,29,2,30,45,228,325
F022,F022 Health Centre,Nairobi,2025-08-01,52,23,36,1,34,1,3,1,21,8,34,25,105,59
F022,F022 Health Centre,Nairobi,2025-09-01,154,103,99,15,98,6,2,0,20,8,97,76,72,443
F022,F022 Health Centre,Nairobi,2025-10-01,145,75,74,11,70,8,1,2,29,0,71,48,61,85
F022,F022 Health Centre,Nairobi,2025-11-01,150,112,96,11,96,5,0,1,8,7,85,67,164,393
F022,F022 Health Centre,Nairobi,2025-12-01,122,67,79,13,76,6,2,1,19,8,65,74,211,383
F023,F023 Health Centre,Nairobi,2024-01-01,111,71,34,4,31,8,0,2,26,1,25,31,108,279
F023,F023 Health Centre,Nairobi,2024-02-01,153,90,49,9,46,0,1,0,14,5,45,39,249,361
F023,F023 Health Centre,Nairobi,2024-03-01,101,71,78,22,74,6,1,0,26,2,53,62,212,404
F023,F023 Health Centre,Nairobi,2024-04-01,174,102,82,20,80,3,1,2,18,12,80,53,129,175
F023,F023 Health Centre,Nairobi,2024-05-01,155,83,50,13,50,3,3,2,27,10,44,50,71,252
F023,F023 Health Centre,Nairobi,2024-06-01,80,55,56,15,52,0,0,2,14,12,54,35,250,246
F023,F023 Health Centre,Nairobi,2024-07-01,199,125,84,8,79,1,0,1,27,5,74,81,124,185
F023,F023 Health Centre,Nairobi,2024-08-01,82,50,41,2,41,7,4,1,5,10,38,27,274,392
F023,F023 Health Centre,Nairobi,2024-09-01,66,35,47,13,45,6,2,2,13,7,31,36,153,261
F023,F023 Health Centre,Nairobi,2024-10-01,120,88,72,7,69,1,3,1,28,9,43,71,296,312
F023,F023 Health Centre,Nairobi,2024-11-01,172,121,52,1,51,5,0,2,17,2,48,34,241,73
F023,F023 Health Centre,Nairobi,2024-12-01,92,65,47,14,46,3,2,1,2,12,31,28,127,139
F023,F023 Health Centre,Nairobi,2025-01-01,58,28,24,2,24,6,0,2,28,9,16,16,136,284
F023,F023 Health Centre,Nairobi,2025-02-01,50,37,20,3,19,3,1,2,6,3,12,12,118,154
F023,F023 Health Centre,Nairobi,2025-03-01,93,58,71,10,70,1,1,1,0,0,54,68,110,116
F023,F023 Health Centre,Nairobi,2025-04-01,119,59,65,9,60,8,3,0,0,6,47,64,297,428
F023,F023 Health Centre,Nairobi,2025-05-01,90,48,56,13,52,0,1,2,0,11,38,47,245,349
F023,F023 Health Centre,Nairobi,2025-06-01,198,90,93,10,93,8,1,0,26,10,65,82,107,284
F023,F023 Health Centre,Nairobi,2025-07-01,191,95,144,39,141,2,2,0,18,8,98,130,290,198
F023,F023 Health Centre,Nairobi,2025-08-01,130,72,95,8,95,1,1,1,17,4,59,91,216,263
F023,F023 Health Centre,Nairobi,2025-09-01,124,67,46,10,46,6,2,2,30,3,30,31,174,315
F023,F023 Health Centre,Nairobi,2025-10-01,111,83,44,7,40,0,3,2,30,5,35,36,271,171
F023,F023 Health Centre,Nairobi,2025-11-01,117,87,82,10,80,1,1,0,7,6,73,53,253,143
F023,F023 Health Centre,Nairobi,2025-12-01,144,75,71,1,66,8,0,2,21,7,48,63,138,410
F024,F024 County Referral Hospital,Kakamega,2024-01-01,453,288,172,49,172,4,2,0,8,2,110,148,125,261
F024,F024 County Referral Hospital,Kakamega,2024-02-01,649,417,297,66,292,8,4,0,20,7,276,226,98,177
F024,F024 County Referral Hospital,Kakamega,2024-03-01,361,242,285,70,282,6,1,2,25,10,275,249,213,198
F024,F024 County Referral Hospital,Kakamega,2024-04-01,667,310,212,21,211,0,1,2,27,6,185,198,254,349
F024,F024 County Referral Hospital,Kakamega,2024-05-01,484,243,185,30,180,0,2,1,0,11,131,172,137,374
F024,F024 County Referral Hospital,Kakamega,2024-06-01,310,226,152,33,151,0,0,0,21,0,104,128,46,95
F024,F024 County Referral Hospital,Kakamega,2024-07-01,356,167,249,6,249,2,4,0,3,12,149,174,286,311
F024,F024 County Referral Hospital,Kakamega,2024-08-01,353,200,134,18,134,7,4,2,26,2,107,103,186,78
F024,F024 County Referral Hospital,Kakamega,2024-09-01,340,203,147,18,146,5,2,1,29,3,120,118,65,342
F024,F024 County Referral Hospital,Kakamega,2024-10-01,544,392,208,20,203,4,1,0,29,11,130,170,142,120
F024,F024 County Referral Hospital,Kakamega,2024-11-01,662,430,314,60,314,5,4,1,10,4,220,289,247,159
F024,F024 County Referral Hospital,Kakamega,2024-12-01,392,209,155,18,152,6,0,1,15,2,131,109,176,128
F024,F024 County Referral Hospital,Kakamega,2025-01-01,394,291,124,1,124,1,2,0,25,1,76,78,262,378
F024,F024 County Referral Hospital,Kakamega,2025-02-01,331,225,212,3,207,6,3,2,1,4,158,128,122,189
F024,F024 County Referral Hospital,Kakamega,2025-03-01,355,237,161,22,161,8,0,1,8,2,122,124,219,305
F024,F024 County Referral Hospital,Kakamega,2025-04-01,445,219,224,15,220,1,1,1,30,2,221,203,97,235
F024,F024 County Referral Hospital,Kakamega,2025-05-01,342,237,173,28,168,3,4,2,28,9,104,144,154,287
F024,F024 County Referral Hospital,Kakamega,2025-06-01,596,435,474,27,469,5,2,1,4,8,467,407,238,331
F024,F024 County Referral Hospital,Kakamega,2025-07-01,454,229,269,13,266,2,4,0,12,1,264,251,141,251
F024,F024 County Referral Hospital,Kakamega,2025-08-01,372,200,170,40,168,1,4,0,14,10,127,142,157,127
F024,F024 County Referral Hospital,Kakamega,2025-09-01,603,363,336,34,331,0,2,2,10,4,299,261,111,94
F024,F024 County Referral Hospital,Kakamega,2025-10-01,583,308,401,2,401,6,1,1,17,6,264,250,193,202
F024,F024 County Referral Hospital,Kakamega,2025-11-01,541,350,181,40,178,7,4,2,26,9,175,180,237,400
F024,F024 County Referral Hospital,Kakamega,2025-12-01,380,237,219,63,217,3,1,0,26,11,210,213,215,446
F025,F025 Sub-County Hospital,Machakos,2024-01-01,344,255,245,65,245,4,4,2,12,11,167,192,125,231
F025,F025 Sub-County Hospital,Machakos,2024-02-01,335,191,242,3,241,1,2,0,19,11,187,172,73,422
F025,F025 Sub-County Hospital,Machakos,2024-03-01,199,93,86,11,85,1,2,2,16,5,81,72,78,280
F025,F025 Sub-County Hospital,Machakos,2024-04-01,218,128,163,4,159,2,3,0,2,9,154,128,93,202
F025,F025 Sub-County Hospital,Machakos,2024-05-01,243,166,95,13,90,5,2,0,10,8,84,82,41,110
F025,F025 Sub-County Hospital,Machakos,2024-06-01,295,219,155,25,150,1,0,1,0,8,100,145,49,298
F025,F025 Sub-County Hospital,Machakos,2024-07-01,226,144,87,11,85,8,3,0,20,12,73,54,224,217
F025,F025 Sub-County Hospital,Machakos,2024-08-01,178,85,59,17,59,3,0,1,21,1,46,44,284,97
F025,F025 Sub-County Hospital,Machakos,2024-09-01,165,94,108,29,108,3,3,0,6,12,71,69,198,377
F025,F025 Sub-County Hospital,Machakos,2024-10-01,184,126,113,4,113,0,1,1,26,6,94,67,262,157
F025,F025 Sub-County Hospital,Machakos,2024-11-01,188,119,145,30,141,8,4,0,24,5,124,104,212,269
F025,F025 Sub-County Hospital,Machakos,2024-12-01,398,273,134,25,130,5,2,2,22,9,116,131,95,219
F025,F025 Sub-County Hospital,Machakos,2025-01-01,195,135,92,5,89,5,0,2,0,1,79,61,212,150
F025,F025 Sub-County Hospital,Machakos,2025-02-01,378,250,287,50,285,4,1,0,12,2,200,173,53,177
F025,F025 Sub-County Hospital,Machakos,2025-03-01,151,68,84,21,82,2,0,2,24,2,62,70,41,366
F025,F025 Sub-County Hospital,Machakos,2025-04-01,246,175,141,32,136,8,1,0,2,4,121,109,141,402
F025,F025 Sub-County Hospital,Machakos,2025-05-01,280,178,210,52,206,4,2,1,2,10,145,140,74,297
F025,F025 Sub-County Hospital,Machakos,2025-06-01,345,161,200,9,199,1,3,2,18,4,136,172,41,150
F025,F025 Sub-County Hospital,Machakos,2025-07-01,188,84,56,6,51,0,1,2,27,1,43,42,109,230
F025,F025 Sub-County Hospital,Machakos,2025-08-01,305,176,130,32,129,8,0,0,4,1,80,99,292,56
F025,F025 Sub-County Hospital,Machakos,2025-09-01,380,181,161,43,159,4,1,2,28,3,146,96,112,213
F025,F025 Sub-County Hospital,Machakos,2025-10-01,256,177,136,11,131,2,4,0,14,1,91,96,135,76
F025,F025 Sub-County Hospital,Machakos,2025-11-01,375,244,296,41,294,4,0,2,6,4,206,292,232,416
F025,F025 Sub-County Hospital,Machakos,2025-12-01,280,207,222,53,218,1,2,2,1,3,136,183,249,240
F026,F026 County Referral Hospital,Bungoma,2024-01-01,595,317,188,46,188,0,1,2,21,7,152,154,252,280
F026,F026 County Referral Hospital,Bungoma,2024-02-01,496,243,207,17,206,8,1,0,6,4,158,154,50,405
F026,F026 County Referral Hospital,Bungoma,2024-03-01,428,313,151,19,150,7,1,2,25,0,112,95,138,358
F026,F026 County Referral Hospital,Bungoma,2024-04-01,482,288,347,12,345,1,3,0,20,11,230,228,116,320
F026,F026 County Referral Hospital,Bungoma,2024-05-01,430,230,210,52,205,1,4,1,26,2,156,143,246,431
F026,F026 County Referral Hospital,Bungoma,2024-06-01,572,364,243,47,243,3,3,1,4,7,195,230,42,231
F026,F026 County Referral Hospital,Bungoma,2024-07-01,485,309,298,1,294,4,4,0,3,0,205,287,176,208
F026,F026 County Referral Hospital,Bungoma,2024-08-01,509,381,288,27,288,7,2,2,30,8,279,255,129,74
F026,F026 County Referral Hospital,Bungoma,2024-09-01,610,395,390,64,390,2,3,2,16,8,234,251,131,125
F026,F026 County Referral Hospital,Bungoma,2024-10-01,507,372,242,11,238,0,3,0,19,12,183,183,112,63
F026,F026 County Referral Hospital,Bungoma,2024-11-01,489,264,375,2,374,0,3,2,10,7,251,262,295,231
F026,F026 County Referral Hospital,Bungoma,2024-12-01,667,353,311,85,309,8,0,2,29,12,257,284,49,87
F026,F026 County Referral Hospital,Bungoma,2025-01-01,400,235,134,19,130,4,3,1,22,12,131,129,106,111
F026,F026 County Referral Hospital,Bungoma,2025-02-01,441,243,218,33,213,8,1,1,3,8,205,201,55,200
F026,F026 County Referral Hospital,Bungoma,2025-03-01,463,325,339,50,335,2,1,2,13,2,294,279,283,376
F026,F026 County Referral Hospital,Bungoma,2025-04-01,309,200,131,7,128,6,4,2,21,9,122,115,226,369
F026,F026 County Referral Hospital,Bungoma,2025-05-01,328,192,155,2,153,4,1,0,20,9,122,112,68,251
F026,F026 County Referral Hospital,Bungoma,2025-06-01,426,283,285,6,282,0,0,2,14,4,178,230,165,172
F026,F026 County Referral Hospital,Bungoma,2025-07-01,591,389,288,41,288,0,4,0,28,9,197,257,147,95
F026,F026 County Referral Hospital,Bungoma,2025-08-01,566,360,431,61,426,8,2,2,2,4,356,416,164,251
F026,F026 County Referral Hospital,Bungoma,2025-09-01,492,320,206,37,206,8,4,0,1,9,138,187,40,294
F026,F026 County Referral Hospital,Bungoma,2025-10-01,419,268,166,49,166,8,4,2,11,1,133,107,290,404
F026,F026 County Referral Hospital,Bungoma,2025-11-01,404,216,255,50,255,7,0,1,24,11,215,193,188,237
F026,F026 County Referral Hospital,Bungoma,2025-12-01,696,513,217,62,212,5,3,2,21,6,200,133,190,448
F027,F027 Sub-County Hospital,Busia,2024-01-01,389,264,262,6,257,0,0,2,6,8,258,245,225,345
F027,F027 Sub-County Hospital,Busia,2024-02-01,263,187,195,4,191,1,1,2,5,1,132,179,68,429
F027,F027 Sub-County Hospital,Busia,2024-03-01,233,141,118,24,114,6,0,1,30,10,100,107,273,392
F027,F027 Sub-County Hospital,Busia,2024-04-01,294,157,218,17,215,4,4,0,7,10,161,177,105,351
F027,F027 Sub-County Hospital,Busia,2024-05-01,320,189,167,40,167,0,2,2,9,5,129,103,198,118
F027,F027 Sub-County Hospital,Busia,2024-06-01,375,181,185,46,180,3,0,2,29,6,163,155,98,335
F027,F027 Sub-County Hospital,Busia,2024-07-01,377,244,263,32,263,3,3,2,28,11,190,162,111,346
F027,F027 Sub-County Hospital,Busia,2024-08-01,288,140,196,32,193,8,1,0,5,6,137,132,49,61
F027,F027 Sub-County Hospital,Busia,2024-09-01,207,135,131,21,127,4,3,0,18,1,131,99,229,101
F027,F027 Sub-County Hospital,Busia,2024-10-01,232,126,82,18,78,3,3,2,4,3,50,54,276,122
F027,F027 Sub-County Hospital,Busia,2024-11-01,331,198,103,30,100,6,0,0,8,2,64,80,172,88
F027,F027 Sub-County Hospital,Busia,2024-12-01,235,155,139,8,134,0,3,0,15,10,139,121,190,342
F027,F027 Sub-County Hospital,Busia,2025-01-01,327,225,169,50,164,0,0,2,16,9,167,123,237,267
F027,F027 Sub-County Hospital,Busia,2025-02-01,196,145,156,36,155,6,3,1,1,8,146,140,249,425
F027,F027 Sub-County Hospital,Busia,2025-03-01,159,72,68,5,64,5,3,0,7,4,58,68,138,227
F027,F027 Sub-County Hospital,Busia,2025-04-01,341,200,156,17,156,7,3,0,15,9,155,143,283,354
F027,F027 Sub-County Hospital,Busia,2025-05-01,305,168,198,46,194,1,4,1,5,0,193,185,197,242
F027,F027 Sub-County Hospital,Busia,2025-06-01,328,178,170,31,167,7,2,0,11,4,156,127,151,204
F027,F027 Sub-County Hospital,Busia,2025-07-01,324,183,128,2,128,2,4,0,5,9,80,95,142,344
F027,F027 Sub-County Hospital,Busia,2025-08-01,216,115,162,3,159,4,4,0,2,5,143,155,124,79
F027,F027 Sub-County Hospital,Busia,2025-09-01,238,156,111,8,110,7,0,2,4,11,92,106,49,287
F027,F027 Sub-County Hospital,Busia,2025-10-01,245,114,156,3,152,6,3,0,16,3,119,94,259,338
F027,F027 Sub-County Hospital,Busia,2025-11-01,354,217,166,49,165,8,1,2,15,8,109,155,117,150
F027,F027 Sub-County Hospital,Busia,2025-12-01,390,218,163,35,158,8,0,1,28,1,121,152,126,308
F028,F028 Health Centre,Busia,2024-01-01,56,25,21,1,17,7,3,0,8,3,13,15,189,231
F028,F028 Health Centre,Busia,2024-02-01,144,68,95,6,91,8,4,0,5,8,85,64,60,239
F028,F028 Health Centre,Busia,2024-03-01,168,95,83,22,79,8,0,0,2,12,83,49,86,259
F028,F028 Health Centre,Busia,2024-04-01,161,115,49,11,45,8,4,0,22,1,33,45,97,203
F028,F028 Health Centre,Busia,2024-05-01,173,83,85,7,81,4,0,0,25,1,72,69,54,401
F028,F028 Health Centre,Busia,2024-06-01,101,51,51,13,47,0,0,1,1,5,40,36,48,367
F028,F028 Health Centre,Busia,2024-07-01,159,79,109,28,109,8,3,2,16,6,99,77,70,106
F028,F028 Health Centre,Busia,2024-08-01,163,104,102,5,99,0,4,2,8,11,100,70,285,397
F028,F028 Health Centre,Busia,2024-09-01,128,80,69,15,65,5,3,2,26,6,58,46,242,402
F028,F028 Health Centre,Busia,2024-10-01,64,40,28,8,28,4,0,1,19,10,21,24,151,71
F028,F028 Health Centre,Busia,2024-11-01,110,63,54,1,54,3,3,1,12,0,33,37,200,217
F028,F028 Health Centre,Busia,2024-12-01,65,35,36,10,33,1,0,1,16,10,36,27,78,289
F028,F028 Health Centre,Busia,2025-01-01,113,77,61,4,60,1,0,2,3,11,36,55,188,230
F028,F028 Health Centre,Busia,2025-02-01,197,117,104,6,103,0,0,0,0,7,76,63,79,242
F028,F028 Health Centre,Busia,2025-03-01,101,75,48,8,48,1,0,1,0,2,42,33,209,381
F028,F028 Health Centre,Busia,2025-04-01,162,101,70,13,70,5,4,2,9,12,49,70,238,107
F028,F028 Health Centre,Busia,2025-05-01,91,55,39,5,35,5,4,2,4,4,29,32,118,123
F028,F028 Health Centre,Busia,2025-06-01,184,134,55,16,53,7,3,0,21,3,45,38,161,344
F028,F028 Health Centre,Busia,2025-07-01,71,44,27,3,22,5,0,0,9,8,26,27,215,212
F028,F028 Health Centre,Busia,2025-08-01,95,52,53,14,48,0,4,2,1,6,53,37,219,295
F028,F028 Health Centre,Busia,2025-09-01,86,63,62,16,57,8,1,0,25,5,46,39,162,289
F028,F028 Health Centre,Busia,2025-10-01,94,59,39,9,39,2,3,0,12,4,30,26,245,367
F028,F028 Health Centre,Busia,2025-11-01,135,101,47,0,44,8,2,0,24,10,30,41,57,134
F028,F028 Health Centre,Busia,2025-12-01,63,30,28,2,28,2,2,2,28,12,20,28,291,442
F029,F029 Health Centre,Machakos,2024-01-01,184,111,94,16,92,8,4,2,28,3,82,92,299,57
F029,F029 Health Centre,Machakos,2024-02-01,82,41,45,0,41,1,1,1,21,11,41,44,86,160
F029,F029 Health Centre,Machakos,2024-03-01,170,120,85,5,85,4,0,1,24,7,52,74,107,112
F029,F029 Health Centre,Machakos,2024-04-01,65,37,44,12,44,5,4,2,18,9,31,38,101,106
F029,F029 Health Centre,Machakos,2024-05-01,56,34,42,4,37,7,3,2,22,12,28,34,176,152
F029,F029 Health Centre,Machakos,2024-06-01,125,56,81,1,81,3,3,2,3,9,67,71,272,211
F029,F029 Health Centre,Machakos,2024-07-01,115,74,44,3,42,5,4,2,14,2,44,36,226,51
F029,F029 Health Centre,Machakos,2024-08-01,139,85,59,8,59,1,0,2,15,10,37,45,196,55
F029,F029 Health Centre,Machakos,2024-09-01,194,97,80,19,75,3,2,1,12,2,76,58,227,418
F029,F029 Health Centre,Machakos,2024-10-01,125,91,65,11,63,5,4,2,10,7,44,52,146,203
F029,F029 Health Centre,Machakos,2024-11-01,182,128,101,25,99,0,0,0,7,10,61,98,276,131
F029,F029 Health Centre,Machakos,2024-12-01,146,108,101,24,97,2,4,1,12,1,96,92,110,312
F029,F029 Health Centre,Machakos,2025-01-01,133,98,42,4,42,6,1,0,18,10,34,32,184,108
F029,F029 Health Centre,Machakos,2025-02-01,52,27,41,3,36,0,0,2,6,0,27,26,165,121
F029,F029 Health Centre,Machakos,2025-03-01,149,82,75,19,71,8,3,2,9,9,58,58,253,321
F029,F029 Health Centre,Machakos,2025-04-01,153,98,70,8,65,8,0,1,21,3,70,60,84,143
F029,F029 Health Centre,Machakos,2025-05-01,93,69,32,9,32,4,1,2,29,12,29,25,56,212
F029,F029 Health Centre,Machakos,2025-06-01,157,106,54,8,53,6,2,2,23,4,40,53,234,435
F029,F029 Health Centre,Machakos,2025-07-01,116,71,42,10,42,1,0,1,14,0,26,36,146,374
F029,F029 Health Centre,Machakos,2025-08-01,59,33,22,3,17,1,2,0,20,8,20,14,56,181
F029,F029 Health Centre,Machakos,2025-09-01,55,33,24,6,22,6,1,2,18,8,23,16,112,314
F029,F029 Health Centre,Machakos,2025-10-01,129,60,46,4,41,4,4,1,18,0,37,42,152,216
F029,F029 Health Centre,Machakos,2025-11-01,179,83,95,8,95,6,1,0,16,9,67,85,222,69
F029,F029 Health Centre,Machakos,2025-12-01,50,35,36,10,32,2,0,1,6,9,21,21,206,62
F030,F030 County Referral Hospital,Bungoma,2024-01-01,547,319,421,118,416,1,3,2,26,12,389,397,68,153
F030,F030 County Referral Hospital,Bungoma,2024-02-01,646,451,312,4,311,3,3,1,24,10,272,293,93,447
F030,F030 County Referral Hospital,Bungoma,2024-03-01,410,273,123,6,122,1,3,0,19,9,118,91,185,351
F030,F030 County Referral Hospital,Bungoma,2024-04-01,465,327,156,34,156,3,2,0,1,2,96,148,100,248
F030,F030 County Referral Hospital,Bungoma,2024-05-01,590,290,455,85,454,6,0,0,13,7,280,392,242,351
F030,F030 County Referral Hospital,Bungoma,2024-06-01,493,344,148,11,146,8,4,0,27,2,118,139,93,290
F030,F030 County Referral Hospital,Bungoma,2024-07-01,546,307,243,50,239,5,3,2,24,1,152,189,105,307
F030,F030 County Referral Hospital,Bungoma,2024-08-01,603,345,212,52,207,8,3,0,2,8,172,174,104,389
F030,F030 County Referral Hospital,Bungoma,2024-09-01,462,313,255,48,250,7,4,1,19,10,153,194,193,112
F030,F030 County Referral Hospital,Bungoma,2024-10-01,341,207,272,48,268,1,0,1,6,4,165,244,202,124
F030,F030 County Referral Hospital,Bungoma,2024-11-01,692,388,278,54,274,6,4,1,18,7,218,232,258,365
F030,F030 County Referral Hospital,Bungoma,2024-12-01,592,268,203,29,199,2,4,0,12,0,154,135,164,303
F030,F030 County Referral Hospital,Bungoma,2025-01-01,602,451,397,34,392,0,2,2,30,7,248,291,160,206
F030,F030 County Referral Hospital,Bungoma,2025-02-01,348,156,165,4,165,1,2,1,15,12,160,105,75,325
F030,F030 County Referral Hospital,Bungoma,2025-03-01,413,186,298,84,295,8,2,2,29,0,242,201,168,227
F030,F030 County Referral Hospital,Bungoma,2025-04-01,493,224,322,90,318,4,1,0,0,1,243,204,117,115
F030,F030 County Referral Hospital,Bungoma,2025-05-01,400,252,316,81,315,5,2,0,7,5,304,209,159,151
F030,F030 County Referral Hospital,Bungoma,2025-06-01,691,453,340,32,337,2,3,2,2,2,232,303,200,377
F030,F030 County Referral Hospital,Bungoma,2025-07-01,659,418,315,47,315,5,2,2,12,0,275,238,261,81
F030,F030 County Referral Hospital,Bungoma,2025-08-01,529,349,367,34,364,1,1,1,6,4,323,363,152,184
F030,F030 County Referral Hospital,Bungoma,2025-09-01,569,339,321,75,318,5,0,2,10,7,202,198,200,310
F030,F030 County Referral Hospital,Bungoma,2025-10-01,418,206,233,60,228,3,3,0,13,3,233,146,76,274
F030,F030 County Referral Hospital,Bungoma,2025-11-01,610,407,262,11,257,0,4,1,19,2,220,227,164,416
F030,F030 County Referral Hospital,Bungoma,2025-12-01,676,363,293,68,291,6,4,0,28,4,215,189,78,268
